{
  "mono_steps": [
    1,
    100,
    200,
    300,
    400,
    500,
    600,
    700,
    800,
    900,
    1000
  ],
  "mono_mse": [
    4.585042476654053,
    0.5799921154975891,
    0.3418242633342743,
    0.2634708881378174,
    0.2198605239391327,
    0.1920648068189621,
    0.1722322255373001,
    0.15628762543201447,
    0.14494965970516205,
    0.1387188732624054,
    0.1302829533815384
  ],
  "mod_steps": [
    1,
    100,
    200,
    300,
    400,
    500,
    600,
    700,
    800,
    900,
    1000
  ],
  "mod_mse": [
    4.580424785614014,
    0.6749604344367981,
    0.31135785579681396,
    0.2468946874141693,
    0.2093549519777298,
    0.19393284618854523,
    0.18191558122634888,
    0.17155471444129944,
    0.16520357131958008,
    0.15960486233234406,
    0.15609189867973328
  ],
  "mono_init": 4.816494548320771,
  "mod_init": 4.801532971858978
}