{
  "mono_base": 0.013808401674032212,
  "mono_interv": 4.816494548320771,
  "mod_base": 0.01248327805660665,
  "mod_interv": 4.801532971858978
}